material,loss_c0,loss_c1,loss_c2,loss_c3,energy_dispersion_c0,energy_dispersion_c1,energy_dispersion_c2,energy_dispersion_c3,energy_dispersion_c4,energy_dispersion_c5
beryllium,0.37415627561134546,0.002462990428432186,-6.3064476861308495e-06,3.003314658268056e-08,0.16307422081922102,-0.004402993316221527,5.239372132235187e-05,-3.2237134283510094e-07,9.994634648918794e-10,-1.2374202484141111e-12
aluminum,0.5293245851885034,0.0014577475190452615,-2.4474711637163666e-06,1.9459897391008005e-08,0.17144504624874446,-0.0046130485354520905,5.472395443116398e-05,-3.3567715598242206e-07,1.0374894035644467e-09,-1.2806204535835044e-12
graphite,0.4524118983928035,0.00208293815018701,-4.540876891188066e-06,2.310157845630843e-08,0.16576672307146023,-0.004472393968110369,5.315479220989582e-05,-3.266643838394315e-07,1.0117600252527213e-09,-1.2516618052174582e-12
lead,0.697182828709439,0.00039463010306417816,3.2673267456132137e-06,1.830539549664866e-09,0.2139907338238669,-0.005815250295750684,6.924568893776122e-05,-4.2584773809776716e-07,1.3201313483592708e-09,-1.6351719588909988e-12
water,0.5121800554275919,0.0016993827520415247,-2.023923795936734e-06,1.4194121602217964e-08,0.15205922597646535,-0.004024556390670325,4.73030135624136e-05,-2.88822844738946e-07,8.91314119919282e-10,-1.1009996301126588e-12
lexan,0.4788314555621744,0.0019394547741538076,-3.5407257487208996e-06,1.9181180288832014e-08,0.16538057047372334,-0.004469761662509373,5.319422245304461e-05,-3.272436470642455e-07,1.0144264715104028e-09,-1.255907259005731e-12
tantalum,0.6934732095572556,0.00042367303153611,2.8841869875204697e-06,3.2177261535632213e-09,0.22557165662830383,-0.006201450227519051,7.427867260612738e-05,-4.579960028185784e-07,1.4208453652650411e-09,-1.7590354181549644e-12
titanium,0.6132713978576393,0.0008395828425441881,-2.592935703342275e-07,1.4715129293136598e-08,0.1726132029929553,-0.004618576925419749,5.466160485221914e-05,-3.3521178603165374e-07,1.0373129122803593e-09,-1.2833721616517738e-12
diamond,0.44902495735765285,0.002275133959439905,-6.475093066658587e-06,2.8583638119781675e-08,0.1438754286307493,-0.0037415075141638064,4.3482397889597004e-05,-2.63319715325468e-07,8.07177541627321e-10,-9.915626045897943e-13
